City_ID,City,Lat,Lng,Max Temp,Humidity,Cloudiness,Wind Speed,Country,Date
0,ulladulla,-35.35,150.4667,55.76,88,54,5.23,AU,1682868690
1,port-aux-francais,-49.35,70.2167,46.71,94,100,30.76,TF,1682868691
2,val-d'or,48.1002,-77.7828,46.49,93,100,14.97,CA,1682868693
3,paracuru,-3.41,-39.0306,85.1,73,61,10.67,BR,1682868694
4,gamba,-2.65,10.0,80.58,77,95,2.19,GA,1682868695
5,blackmans bay,-43.0167,147.3167,49.53,89,9,4.45,AU,1682868696
6,dwarka,22.2394,68.9678,80.98,67,0,12.57,IN,1682868698
7,moroni,-11.7022,43.2551,79.63,80,9,12.53,KM,1682868699
8,alpena,45.0617,-83.4327,46.72,89,100,4.61,US,1682868700
9,medzilaborce,49.2719,21.9007,54.14,85,83,8.14,SK,1682868701
10,iskateley,67.6803,53.1512,27.63,91,83,8.12,RU,1682868702
11,mingshui,36.7167,117.5,59.18,32,0,11.03,CN,1682868703
12,talnakh,69.4865,88.3972,22.21,86,9,12.5,RU,1682868704
13,port mathurin,-19.6833,63.4167,79.02,78,0,13.29,MU,1682868706
14,saipan,15.1355,145.701,81.3,89,100,10.36,MP,1682868707
15,trenggalek,-8.05,111.7167,76.23,94,49,2.82,ID,1682868708
16,mansa,29.9833,75.3833,73.04,61,94,7.7,IN,1682868709
17,bazarak,35.3129,69.5152,57.04,49,4,5.99,AF,1682868710
18,albany,42.6001,-73.9662,56.79,82,100,1.01,US,1682868516
19,moju,-1.8839,-48.7689,87.33,65,47,3.56,BR,1682868611
20,mossel bay,-34.1831,22.146,66.13,78,9,8.59,ZA,1682868715
21,kodiak,57.79,-152.4072,38.71,87,100,5.75,US,1682868716
22,montevallo,33.1007,-86.8642,68.34,75,0,8.05,US,1682868717
23,bredasdorp,-34.5322,20.0403,59.81,77,3,7.36,ZA,1682868718
24,bethel,41.3712,-73.414,55.76,89,100,9.22,US,1682868522
25,port lincoln,-34.7333,135.8667,59.0,84,100,5.55,AU,1682868720
26,grytviken,-54.2811,-36.5092,40.17,97,98,17.83,GS,1682868722
27,petropavlovsk-kamchatsky,53.0452,158.6483,28.99,74,75,2.24,RU,1682868723
28,edinburgh of the seven seas,-37.0676,-12.3116,57.42,67,31,10.45,SH,1682868724
29,banapur,19.7833,85.1833,80.71,65,99,3.71,IN,1682868725
30,moanda,-1.5575,13.2178,88.03,67,98,1.3,GA,1682868726
31,champerico,14.3,-91.9167,86.54,57,89,5.28,GT,1682868727
32,bilibino,68.0546,166.4372,6.91,98,99,3.53,RU,1682868729
33,kerikeri,-35.2268,173.9474,67.91,97,82,1.99,NZ,1682868730
34,long beach,33.767,-118.1892,60.93,94,100,1.01,US,1682868648
35,mobaye,4.319,21.1786,74.39,81,98,2.62,CF,1682868732
36,novyy urgal,51.0736,132.5642,33.58,68,90,2.59,RU,1682868733
37,waitangi,-43.9535,-176.5597,57.81,75,100,10.09,NZ,1682868734
38,tura,25.5198,90.2201,68.0,88,100,4.12,IN,1682868735
39,aginskoye,51.1,114.53,48.2,41,98,6.73,RU,1682868737
40,port alfred,-33.5906,26.891,63.18,85,96,3.0,ZA,1682868738
41,buritizeiro,-17.3511,-44.9622,89.04,41,9,2.68,BR,1682868530
42,brookings,44.3114,-96.7984,45.1,59,40,33.38,US,1682868740
43,usinsk,65.9939,57.5281,31.77,84,94,0.67,RU,1682868741
44,coreau,-3.5333,-40.6567,83.39,76,99,3.6,BR,1682868742
45,susuman,62.7833,148.1667,10.15,96,60,1.57,RU,1682868744
46,villa ocampo,-28.4875,-59.3551,90.05,44,92,15.86,AR,1682868745
47,akureyri,65.6835,-18.0878,37.33,52,20,21.85,IS,1682868497
48,stanley,54.868,-1.6985,54.5,91,100,9.46,GB,1682868747
49,yulinshi,38.2906,109.7494,58.28,31,37,11.54,CN,1682868748
50,klyuchi,52.2667,79.1667,40.59,35,53,8.84,RU,1682868750
51,vadso,70.0744,29.7487,45.48,61,75,6.91,NO,1682868751
52,adamstown,-25.066,-130.1015,76.62,80,58,12.39,PN,1682868752
53,georgetown,5.4112,100.3354,78.75,90,40,3.44,MY,1682868597
54,uturoa,-16.7333,-151.4333,82.06,79,26,15.08,PF,1682868754
55,hawaiian paradise park,19.5933,-154.9731,68.04,97,100,8.05,US,1682868532
56,rio grande,-32.035,-52.0986,82.51,56,1,9.46,BR,1682868757
57,iqaluit,63.7506,-68.5145,31.73,80,100,13.8,CA,1682868758
58,khandyga,62.6667,135.6,24.89,99,99,1.79,RU,1682868759
59,thompson,55.7435,-97.8558,39.36,70,75,8.05,CA,1682868760
60,mahina,-17.5065,-149.489,76.77,83,20,0.0,PF,1682868763
61,moratalla,38.1893,-1.8918,77.38,34,100,16.31,ES,1682868764
62,guane,22.2025,-84.0875,76.5,83,92,10.09,CU,1682868766
63,ushuaia,-54.8,-68.3,37.06,52,0,3.44,AR,1682868723
64,weyburn,49.6668,-103.8511,44.82,53,18,3.44,CA,1682868768
65,west island,-12.1568,96.8225,80.58,94,75,6.91,CC,1682868769
66,spring creek,40.7266,-115.5859,60.3,27,66,1.25,US,1682868770
67,taroa,8.7058,171.2275,81.1,82,61,20.85,MH,1682868772
68,crystal city,28.6775,-99.8281,73.51,25,0,3.44,US,1682868773
69,puerto ayora,-0.7393,-90.3518,82.36,92,51,5.99,EC,1682868774
70,ribeira grande,38.5167,-28.7,64.8,68,20,20.71,PT,1682868775
71,invercargill,-46.4,168.35,46.89,93,98,3.27,NZ,1682868672
72,borger,52.9233,6.7931,63.03,52,42,5.88,NL,1682868777
73,yellowknife,62.456,-114.3525,41.56,52,75,17.0,CA,1682868778
74,mili,6.0815,171.735,82.15,79,56,19.6,MH,1682868780
75,kailua-kona,19.6406,-155.9956,73.22,84,0,6.91,US,1682868781
76,kismayo,-0.3582,42.5454,80.28,78,100,18.14,SO,1682868782
77,tolanaro,-25.0319,46.9987,77.07,83,20,11.5,MG,1682868783
78,silifke,36.3778,33.9344,64.33,59,11,7.65,TR,1682868784
79,otacilio costa,-27.4831,-50.1219,69.8,55,49,4.74,BR,1682868786
80,cuajinicuilapa,16.4667,-98.4167,89.65,42,50,3.27,MX,1682868787
81,bereket,39.2446,55.5154,89.2,12,55,8.46,TM,1682868788
82,chorfa,36.3651,4.3264,75.4,46,56,12.19,DZ,1682868789
83,baishishan,43.5833,127.5667,39.67,94,100,2.8,CN,1682868790
84,jalapa,19.5333,-96.9167,64.54,78,78,4.45,MX,1682868620
85,ilulissat,69.2167,-51.1,39.22,38,0,21.85,GL,1682868793
86,tofol,5.3248,163.0078,83.41,77,97,20.36,FM,1682868794
87,yeraliyev,43.2,51.65,77.52,27,100,1.68,KZ,1682868795
88,punta arenas,-53.15,-70.9167,39.31,70,0,16.11,CL,1682868796
89,ust-nera,64.5667,143.2,14.18,99,88,2.53,RU,1682868797
90,boa vista,2.8197,-60.6733,85.98,62,75,20.71,BR,1682868543
91,papatowai,-46.5619,169.4708,49.62,84,100,4.16,NZ,1682868800
92,nemuro,43.3236,145.575,43.45,85,30,19.42,JP,1682868801
93,winnipeg,49.8844,-97.147,46.47,59,20,19.57,CA,1682868802
94,naze,28.3667,129.4833,61.72,91,100,8.66,JP,1682868803
95,margaret river,-33.95,115.0667,58.87,85,71,7.56,AU,1682868804
96,yanam,16.7333,82.2167,81.63,71,89,4.07,IN,1682868805
97,esquel,-42.9,-71.3167,42.4,71,54,6.64,AR,1682868807
98,lebu,-37.6167,-73.65,54.3,74,9,6.87,CL,1682868808
99,kangding,30.0513,101.9603,46.38,99,100,3.18,CN,1682868809
100,karratha,-20.7377,116.8463,77.25,24,100,6.64,AU,1682868810
101,crieff,56.3727,-3.8389,56.14,94,100,3.53,GB,1682868811
102,tolbazy,54.0241,55.8825,63.86,57,74,5.23,RU,1682868812
103,happy valley-goose bay,53.3168,-60.3315,48.51,49,20,4.61,CA,1682868814
104,xacmaz,41.4635,48.806,58.86,94,85,6.51,AZ,1682868816
105,safi,32.1667,-8.8333,81.45,31,15,23.09,MA,1682868817
106,guaranda,-1.6,-79.0,63.45,76,89,7.31,EC,1682868818
107,avarua,-21.2078,-159.775,75.25,69,75,10.36,CK,1682868819
108,micheweni,-4.9667,39.8333,78.24,87,100,11.83,TZ,1682868820
109,fortuna,40.5982,-124.1573,51.66,96,100,1.99,US,1682868822
110,saudarkrokur,65.7461,-19.6394,34.43,56,13,12.82,IS,1682868823
111,tiksi,71.6872,128.8694,19.8,100,100,3.76,RU,1682868824
112,colares,38.7992,-9.4469,78.48,69,20,20.71,PT,1682868825
113,olonkinbyen,70.9221,-8.7187,32.45,95,100,18.14,SJ,1682868826
114,ghat,24.9647,10.1728,95.54,6,2,18.43,LY,1682868827
115,quiberon,47.4841,-3.1196,62.11,82,41,19.57,FR,1682868828
116,badger,64.8,-147.5333,37.31,91,100,5.75,US,1682868830
117,anadyr,64.75,177.4833,1.9,85,0,11.18,RU,1682868831
118,los frentones,-26.4077,-61.4137,92.75,39,1,15.52,AR,1682868832
119,polyarnyy,69.1989,33.4478,35.91,88,59,10.89,RU,1682868833
120,hamilton,39.1834,-84.5333,56.25,68,40,8.05,US,1682868678
121,trujillo,-8.116,-79.03,76.96,73,40,10.36,PE,1682868835
122,holualoa,19.6228,-155.9522,69.49,84,0,6.91,US,1682868836
123,jamestown,42.097,-79.2353,54.01,90,100,8.05,US,1682868783
124,fale old settlement,-9.3852,-171.2468,83.61,78,100,16.2,TK,1682868839
125,hotan,37.0997,79.9269,69.91,12,1,4.74,CN,1682868840
126,whitehorse,60.7161,-135.0538,43.57,80,100,10.36,CA,1682868841
127,upington,-28.4478,21.2561,84.58,6,0,2.3,ZA,1682868842
128,laughlin,35.1678,-114.573,89.01,14,20,0.0,US,1682868844
129,kruisfontein,-34.0033,24.7314,63.88,77,44,14.56,ZA,1682868845
130,dudinka,69.4058,86.1778,22.62,91,85,17.11,RU,1682868846
131,nabire,-3.3667,135.4833,76.42,92,100,4.0,ID,1682868847
132,remire-montjoly,4.9167,-52.2667,84.24,74,75,14.97,GF,1682868848
133,veraval,20.9,70.3667,80.83,71,0,10.92,IN,1682868849
134,llanes,43.4198,-4.7549,61.83,81,100,4.38,ES,1682868850
135,kirakira,-10.4544,161.9205,80.8,86,62,10.67,SB,1682868852
136,melfort,52.8667,-104.6177,44.73,45,65,1.14,CA,1682868853
137,puerto natales,-51.7236,-72.4875,41.45,56,75,14.97,CL,1682868730
138,sweetwater,25.7634,-80.3731,82.99,82,100,17.27,US,1682868563
139,haiku-pauwela,20.9219,-156.3051,73.04,81,0,12.66,US,1682868856
140,fort stockton,30.894,-102.8793,77.05,14,0,13.8,US,1682868857
141,dolzhanskaya,46.6311,37.8039,54.25,84,34,21.65,RU,1682868859
142,udachny,66.4167,112.4,31.17,94,100,17.92,RU,1682868860
143,longyearbyen,78.2186,15.6401,21.04,63,75,12.66,SJ,1682868861
144,infantes,38.7367,-3.0122,75.02,27,100,11.36,ES,1682868862
145,launceston,-41.45,147.1667,42.62,92,29,4.61,AU,1682868863
146,berezovyy,51.6667,135.7,28.58,89,86,3.4,RU,1682868865
147,awjilah,29.1081,21.2869,82.29,13,2,4.76,LY,1682868866
148,barra do corda,-5.5,-45.25,86.25,67,94,4.72,BR,1682868867
149,hanceville,34.0607,-86.7675,65.16,61,20,13.6,US,1682868868
150,franceville,-1.6333,13.5836,88.25,62,40,3.6,GA,1682868869
151,pavlodar,52.3,76.95,42.6,33,0,15.66,KZ,1682868870
152,urangan,-25.3,152.9,65.41,75,1,13.42,AU,1682868871
153,bontang,0.1333,117.5,78.58,86,93,4.12,ID,1682868873
154,aksu,41.1231,80.2644,71.01,15,0,4.79,CN,1682868874
155,antofagasta,-23.65,-70.4,69.08,68,83,10.33,CL,1682868875
156,luderitz,-26.6481,15.1594,62.47,71,99,7.47,NA,1682868876
157,hermanus,-34.4187,19.2345,66.79,70,0,2.93,ZA,1682868877
158,monrovia,6.3005,-10.7969,89.37,72,45,13.11,LR,1682868652
159,pierre,44.3683,-100.351,46.85,64,0,15.01,US,1682868855
160,wailua homesteads,22.0669,-159.378,72.39,85,100,12.66,US,1682868881
161,geraldton,-28.7667,114.6,55.81,76,0,9.22,AU,1682868882
162,kapuskasing,49.4169,-82.4331,48.2,93,100,8.05,CA,1682868716
163,breves,-1.6822,-50.4803,84.6,74,36,3.02,BR,1682868884
164,cururupu,-1.8283,-44.8683,85.44,70,60,5.79,BR,1682868885
165,kalmunai,7.4167,81.8167,81.77,76,31,6.51,LK,1682868887
166,port elizabeth,-33.918,25.5701,66.09,86,75,16.11,ZA,1682868888
167,college,64.8569,-147.8028,37.38,92,100,5.75,US,1682868890
168,road town,18.4167,-64.6167,86.09,66,20,10.36,VG,1682868891
169,ghadamis,30.1337,9.5007,98.74,9,43,9.22,LY,1682868892
170,santa ana,33.7456,-117.8678,60.6,89,100,3.44,US,1682868652
171,namie,37.4833,141.0,57.72,76,100,5.57,JP,1682868896
172,keflavik,64.0049,-22.5624,46.31,36,0,16.11,IS,1682868897
173,regina,50.4501,-104.6178,47.03,57,20,8.05,CA,1682868898
174,okha,53.5739,142.9478,25.39,96,13,8.03,RU,1682868899
175,newman,37.3138,-121.0208,66.24,45,80,1.01,US,1682868901
176,minot,48.2325,-101.2963,44.02,70,40,11.5,US,1682868271
177,chui,-33.6971,-53.4616,79.92,46,27,12.3,UY,1682868903
178,ocean shores,46.9737,-124.1563,52.02,95,100,5.99,US,1682868904
179,yei,4.095,30.6779,69.35,92,97,3.02,SS,1682868905
180,enewetak,11.3474,162.3373,80.53,82,53,22.01,MH,1682868906
181,sorong,-0.8833,131.25,79.84,85,100,6.71,ID,1682868908
182,aasiaat,68.7098,-52.8699,31.82,68,0,9.22,GL,1682868910
183,belmonte,-15.8631,-38.8828,81.12,73,10,4.72,BR,1682868911
184,boca suno,-0.7167,-77.1333,78.39,59,93,2.86,EC,1682868913
185,pizarro,4.9533,-77.366,82.72,74,100,3.04,CO,1682868914
186,salavan,15.7167,106.4167,74.59,85,68,3.04,LA,1682868916
187,la passe,45.5549,-0.8967,70.03,81,21,14.27,FR,1682868917
188,nahiyat al fuhud,30.9697,46.7228,91.71,13,5,14.27,IQ,1682868918
189,port saint john's,-31.6229,29.5448,65.82,81,42,8.9,ZA,1682868919
190,o barco de valdeorras,42.4164,-6.9901,76.41,38,100,6.42,ES,1682868920
191,utrik,11.2278,169.8474,80.98,79,37,20.42,MH,1682868921
192,borogontsy,62.6683,131.1683,32.32,96,100,3.89,RU,1682868922
193,nagornyy,52.7959,83.5498,40.21,45,99,7.83,RU,1682868924
194,constantia,44.1833,28.65,65.08,70,96,13.22,RO,1682868605
195,atafu village,-8.5421,-172.5159,83.73,78,98,16.64,TK,1682868926
196,umaria,23.5333,80.8333,73.47,65,100,7.87,IN,1682868928
197,barkly west,-28.5354,24.5215,81.68,10,11,8.68,ZA,1682868929
198,gorontalo,0.5412,123.0595,75.92,93,93,2.98,ID,1682868930
199,mao,39.8885,4.2658,70.36,56,20,21.85,ES,1682868932
200,ubari,26.5921,12.7805,94.84,9,0,7.92,LY,1682868933
201,zhanaozen,43.3,52.8,84.24,12,99,15.64,KZ,1682868934
202,kudahuvadhoo,2.6708,72.8944,83.53,76,90,10.87,MV,1682868935
203,visby,57.6409,18.296,51.04,40,0,10.36,SE,1682868936
204,tianchang,37.9981,114.0156,62.87,31,0,9.15,CN,1682868937
205,sho'rchi,38.0141,67.7899,75.88,26,37,7.7,UZ,1682868939
206,villa emilio carranza,19.9667,-96.6,76.17,54,28,3.78,MX,1682868940
207,cadale,2.7603,46.3222,84.81,74,99,18.25,SO,1682868941
208,okakarara,-20.5833,17.4333,83.17,23,85,7.16,NA,1682868942
209,mar del plata,-38.0023,-57.5575,68.02,88,100,12.66,AR,1682868753
210,inarajan village,13.2736,144.7484,81.57,87,62,17.27,GU,1682868945
211,ilave,-16.0833,-69.6667,58.86,27,4,6.82,PE,1682868946
212,ahmadpur east,29.1431,71.2598,79.57,44,64,8.05,PK,1682868947
213,paramonga,-10.6667,-77.8333,76.86,77,87,11.05,PE,1682868948
214,frontera,26.9333,-101.45,77.32,20,10,1.99,MX,1682868949
215,san patricio,28.017,-97.5169,77.86,40,0,5.21,US,1682868950
216,konstantinovka,49.6167,127.9833,45.5,44,100,7.9,RU,1682868951
217,bikenibeu village,1.3673,173.1241,82.36,83,75,8.05,KI,1682868953
218,ancud,-41.8697,-73.8203,49.3,69,71,10.65,CL,1682868749
219,prince rupert,54.3161,-130.3201,46.49,93,100,5.75,CA,1682868687
220,butembo,0.15,29.2833,59.77,99,100,2.33,CD,1682868956
221,bathsheba,13.2167,-59.5167,86.61,70,40,11.5,BB,1682868957
222,crane,31.3974,-102.3501,78.84,14,0,10.2,US,1682868958
223,levin,-40.6333,175.275,61.72,88,100,4.34,NZ,1682868959
224,monteagudo,-19.8167,-63.9833,87.37,39,2,4.7,BO,1682868961
225,mpika,-11.8343,31.4529,62.17,85,100,6.53,ZM,1682868962
226,isafjordur,66.0755,-23.124,37.44,44,0,16.11,IS,1682868963
227,malango,-2.9627,119.9001,68.11,97,100,2.13,ID,1682868964
228,cabo san lucas,22.8909,-109.9124,83.61,57,100,8.95,MX,1682868965
229,vila franca do campo,37.7167,-25.4333,66.61,73,23,12.46,PT,1682868966
230,san miguel de salcedo,-1.0333,-78.5667,59.95,82,75,16.11,EC,1682868967
231,callao,-12.0667,-77.15,75.49,73,100,9.22,PE,1682868969
232,dalnerechensk,45.9339,133.7225,37.81,98,100,6.38,RU,1682868970
233,anatuya,-28.4606,-62.8347,86.43,55,98,15.88,AR,1682868690
234,haripur,34.0,72.9341,76.75,40,83,6.06,PK,1682868972
235,urzhum,57.1141,49.9996,51.33,57,98,6.71,RU,1682868973
236,la reforma,25.0833,-108.05,80.22,43,72,4.94,MX,1682868974
237,uvalde,29.3669,-99.767,79.32,22,0,4.61,US,1682868771
238,ascencion,31.1,-107.9833,76.71,9,25,4.34,MX,1682868977
239,tazovsky,67.4667,78.7,29.75,85,100,17.02,RU,1682868978
240,gonda city,27.1333,81.9333,78.64,46,99,5.19,IN,1682868979
241,palikir - national government center,6.9248,158.1611,82.06,81,96,18.39,FM,1682868980
242,weno,7.4515,151.8468,80.55,94,75,3.44,FM,1682868981
243,nikolayevsk-on-amure,53.1406,140.73,28.15,86,99,5.08,RU,1682868982
244,illizi,26.4833,8.4667,98.4,8,27,9.98,DZ,1682868698
245,ishinomaki,38.4167,141.3,53.49,63,99,14.61,JP,1682868985
246,adam,22.3756,57.5233,93.76,11,2,5.28,OM,1682868986
247,colby,39.3958,-101.0524,53.82,40,0,15.99,US,1682868987
248,lorengau,-2.0226,147.2712,81.63,78,95,3.98,PG,1682868988
249,qaqortoq,60.7167,-46.0333,38.37,50,0,3.74,GL,1682868990
250,mejit,10.2753,170.8646,80.94,81,66,21.03,MH,1682868991
251,kourou,5.1552,-52.6478,86.05,66,50,9.44,GF,1682868992
252,ishige,36.1167,139.9667,62.91,82,100,4.14,JP,1682868993
253,poronaysk,49.2167,143.1167,34.27,93,100,12.21,RU,1682868994
254,afaahiti,-17.75,-149.2833,75.07,80,48,12.39,PF,1682868996
255,xiuyan,40.2928,123.2744,46.67,42,85,2.51,CN,1682868997
256,suva,-18.1416,178.4415,76.48,94,40,0.0,FJ,1682868998
257,nadym,65.5333,72.5167,22.62,90,13,14.32,RU,1682868999
258,new norfolk,-42.7826,147.0587,50.72,71,15,2.64,AU,1682869000
259,xique xique,-10.8217,-42.7311,90.95,45,9,0.72,BR,1682869002
260,katsuura,35.1333,140.3,62.8,81,100,5.68,JP,1682869003
261,benjamin constant,-4.3831,-70.0311,80.73,88,20,3.44,BR,1682869004
262,saint-louis,16.3333,-15.0,114.44,4,4,6.6,SN,1682869005
263,oranjemund,-28.55,16.4333,60.44,73,81,8.34,NA,1682869006
264,grabouw,-34.1515,19.0151,63.0,62,0,2.82,ZA,1682869007
265,reitz,-27.8014,28.4273,64.06,33,1,3.24,ZA,1682869009
266,bikramganj,25.2,84.25,77.05,61,100,1.5,IN,1682869010
267,albertina,-22.2008,-46.6158,75.2,51,5,4.99,BR,1682869011
268,zongolica,18.6667,-96.9833,71.31,74,88,4.52,MX,1682869012
269,nuku'alofa,-21.1333,-175.2,77.34,88,75,11.5,TO,1682869013
270,saldanha,-33.0117,17.9442,60.76,74,3,11.45,ZA,1682869014
271,durango,24.8333,-104.8333,67.87,15,38,5.79,MX,1682869015
272,fort st. john,56.2499,-120.8529,53.49,40,75,5.75,CA,1682868376
273,gadzhiyevo,69.2551,33.3362,35.4,89,57,9.98,RU,1682869018
274,ongjin,37.9347,125.3619,48.52,65,0,6.96,KP,1682869019
275,mostovskoy,44.4122,40.7936,48.29,95,100,3.87,RU,1682869020
276,pak phanang,8.3511,100.202,82.42,79,80,6.71,TH,1682869021
277,mount pearl,47.5166,-52.7813,40.96,83,100,23.02,CA,1682869022
278,sathyamangalam,11.5167,77.25,83.26,64,100,4.18,IN,1682869023
279,jiuquan,39.7432,98.5174,64.54,11,100,14.72,CN,1682869025
280,hithadhoo,-0.6,73.0833,83.01,77,100,10.58,MV,1682869026
281,berezovo,63.9381,65.0419,21.6,91,8,5.53,RU,1682869027
282,poli,-3.3333,36.8,68.27,78,75,6.91,TZ,1682869028
283,inari,68.906,27.0288,43.0,89,80,4.25,FI,1682869029
284,tyukhtet,56.5389,89.3011,29.73,85,97,6.58,RU,1682869030
285,chonchi,-42.6128,-73.8092,47.41,77,57,5.26,CL,1682869032
286,iquique,-20.2208,-70.1431,69.84,67,34,5.03,CL,1682869033
287,bereznik,62.8551,42.7072,46.24,64,64,6.2,RU,1682869034
288,fuglafjordur,62.244,-6.814,37.87,61,100,13.24,FO,1682869035
289,sitangkai,4.6628,119.3928,84.15,70,100,3.56,PH,1682869036
290,codrington,-38.2667,141.9667,54.37,89,76,6.22,AU,1682869037
291,jiujiang,29.7333,115.9833,63.12,61,4,2.44,CN,1682869038
292,faya-largeau,17.9257,19.1043,98.26,8,3,8.72,TD,1682869040
293,kingston,17.997,-76.7936,87.24,72,20,16.11,JM,1682868961
294,minas de marcona,-15.2119,-75.1103,67.48,63,43,18.52,PE,1682869042
295,tralee,52.2704,-9.7026,57.45,77,40,12.66,IE,1682869043
296,ulysses,37.5814,-101.3552,58.59,41,0,14.97,US,1682869044
297,dunoon,55.947,-4.923,56.52,98,100,2.75,GB,1682869045
298,luganville,-15.5333,167.1667,80.44,86,73,9.37,VU,1682869047
299,kapsabet,0.2039,35.105,56.82,98,100,1.41,KE,1682869048
300,shimabara,32.7833,130.3667,56.89,68,46,3.31,JP,1682869049
301,ciudad lazaro cardenas,17.9583,-102.2,81.52,57,6,4.81,MX,1682869050
302,boysun,38.2061,67.1986,67.06,28,91,7.85,UZ,1682869051
303,gizo,-8.103,156.8419,82.99,77,100,7.31,SB,1682869052
304,hasaki,35.7333,140.8333,62.22,71,100,20.29,JP,1682869054
305,flying fish cove,-10.4217,105.6791,80.2,78,100,1.7,CX,1682869055
306,caleta de carquin,-11.0925,-77.6267,76.73,76,66,10.92,PE,1682869056
307,edson,53.5835,-116.4356,50.14,46,0,2.3,CA,1682869057
308,inhambane,-23.865,35.3833,73.94,80,15,9.75,MZ,1682869059
309,lajere,11.9797,11.4443,102.85,13,99,9.17,NG,1682869060
310,arua,3.0201,30.9111,66.11,91,100,5.5,UG,1682869062
311,bruchhausen-vilsen,52.8333,9.0,60.03,61,32,4.85,DE,1682869063
312,mabaruma,8.2,-59.7833,86.0,70,40,9.22,GY,1682869064
313,chulakkurgan,43.765,69.1814,71.89,19,5,9.26,KZ,1682869066
314,grimstad,58.3405,8.5934,54.23,51,92,13.53,NO,1682869067
315,juneau,58.3019,-134.4197,49.1,97,100,0.0,US,1682868907
316,manokwari,-0.8667,134.0833,79.39,82,100,4.03,ID,1682868959
317,kratie,12.4881,106.0188,80.74,75,100,5.91,KH,1682869071
318,sanctuary point,-35.1114,150.629,55.74,89,35,6.4,AU,1682869072
319,bayganin,48.6947,55.8742,68.77,36,12,11.5,KZ,1682869073
320,arraial do cabo,-22.9661,-42.0278,78.66,69,40,14.97,BR,1682869074
321,psachna,38.5833,23.6333,71.24,64,24,6.31,GR,1682869076
322,st. john's,47.5649,-52.7093,41.79,83,100,23.02,CA,1682869011
323,volchansk,59.9378,60.081,30.33,99,100,4.34,RU,1682869080
324,willard,41.0531,-82.7263,49.86,72,100,13.89,US,1682869081
325,weinan,34.5036,109.5089,60.64,30,0,2.68,CN,1682869082
326,nogliki,51.8333,143.1667,27.81,96,100,16.37,RU,1682869084
327,tual,-5.6667,132.75,82.38,78,97,12.82,ID,1682869086
328,cidreira,-30.1811,-50.2056,75.27,59,0,9.48,BR,1682869087
329,mancio lima,-7.6142,-72.8958,86.07,79,75,3.44,BR,1682869088
330,richards bay,-28.783,32.0377,67.84,86,71,6.29,ZA,1682869089
331,as sulayyil,20.4607,45.5779,95.25,19,41,2.19,SA,1682869090
332,colinas,-6.0258,-44.2492,85.84,67,89,4.68,BR,1682869059
333,novyye burasy,52.1324,46.0714,69.44,54,95,6.96,RU,1682869092
334,tara,56.8944,74.371,31.32,68,51,4.79,RU,1682869094
335,voss,60.623,6.4229,42.53,82,99,5.12,NO,1682869095
336,saddiqabad,28.3062,70.1307,77.0,58,100,5.88,PK,1682869096
337,jiangyou,31.7667,104.7167,65.34,50,98,0.72,CN,1682869097
338,lerwick,60.1545,-1.1494,42.8,96,100,17.96,GB,1682869098
339,keren,15.7778,38.4581,76.17,48,60,5.57,ER,1682869099
340,mutuali,-14.8706,37.0044,66.87,73,54,4.79,MZ,1682869101
341,vilyuchinsk,52.9306,158.4028,30.47,83,85,3.87,RU,1682869102
342,alice springs,-23.7,133.8833,49.55,66,81,6.29,AU,1682869103
343,tamanrasset,22.785,5.5228,89.51,6,40,18.41,DZ,1682869104
344,lihue,21.9789,-159.3672,72.99,81,100,12.66,US,1682869105
345,talcahuano,-36.7167,-73.1167,56.88,72,75,8.05,CL,1682869106
346,changzhou,31.7833,119.9667,60.84,56,0,6.91,CN,1682869108
347,trairi,-3.2778,-39.2689,84.79,73,60,10.02,BR,1682868934
348,barra de santo antonio,-9.4047,-35.5072,78.08,78,26,8.14,BR,1682869110
349,gaspe,48.8334,-64.4819,53.82,50,75,10.36,CA,1682868950
350,fredericton,45.9454,-66.6656,57.83,49,75,10.36,CA,1682869112
351,nova vicosa,-17.8919,-39.3719,80.87,69,42,7.0,BR,1682869113
352,bonthe,7.5264,-12.505,87.51,63,6,14.63,SL,1682869115
353,conception bay south,47.4999,-52.9981,41.56,81,100,22.26,CA,1682869116
354,shimoda,34.6667,138.95,60.1,66,100,5.28,JP,1682869117
355,natal,-5.795,-35.2094,80.82,94,75,9.22,BR,1682869118
356,bundaberg,-24.85,152.35,62.22,78,2,3.0,AU,1682869119
357,papao,-17.75,-149.55,76.68,78,29,14.72,PF,1682869121
358,dunedin,-45.8742,170.5036,52.3,76,100,3.4,NZ,1682869078
359,jaisalmer,26.9147,70.9181,74.52,63,84,6.55,IN,1682869123
360,raja,8.4596,25.678,75.51,65,100,6.82,SS,1682869124
361,howard springs,-12.497,131.047,78.71,95,70,6.58,AU,1682869125
362,sinabang,2.4803,96.3801,81.39,81,99,1.86,ID,1682869126
363,alaior,39.9303,4.1404,69.55,56,20,21.85,ES,1682869127
364,vila do maio,15.1333,-23.2167,92.19,79,28,14.27,CV,1682869129
365,opuwo,-18.0607,13.84,87.26,20,47,9.35,NA,1682869130
366,cornwall,45.0181,-74.7281,60.04,76,100,14.97,CA,1682868997
367,wakiso,0.4044,32.4594,64.65,97,100,1.19,UG,1682869132
368,kayangel,8.0823,134.7173,82.29,80,100,14.63,PW,1682869133
369,geneina,13.45,22.45,94.71,11,58,5.17,SD,1682869134
370,horta,38.5333,-28.6333,64.04,75,20,20.71,PT,1682869135
371,ketchikan,55.3422,-131.6461,46.87,87,100,5.75,US,1682868932
372,angaur state,6.906,134.13,82.87,78,100,8.97,PW,1682869138
373,hobyo,5.3505,48.5268,84.81,75,100,13.91,SO,1682869139
374,bor,56.3567,44.0669,51.73,81,100,14.41,RU,1682869140
375,santa elena de uairen,4.6167,-61.1333,83.55,47,98,6.22,VE,1682869141
376,wlodawa,51.55,23.55,58.95,48,48,12.24,PL,1682869142
377,sal rei,16.1833,-22.9167,80.8,65,20,14.97,CV,1682869145
378,bridgewater,44.3835,-64.5155,48.67,74,100,18.41,CA,1682868665
379,piti village,13.4626,144.6933,81.48,83,20,12.66,GU,1682869147
380,acarau,-2.8856,-40.12,84.24,74,91,11.03,BR,1682869148
381,gereida,11.2811,25.1414,94.95,22,69,5.79,SD,1682869149
382,atuncolla,-15.6833,-70.15,59.05,33,8,3.96,PE,1682869150
383,dhromolaxia,34.8755,33.5868,69.04,61,20,18.41,CY,1682869152
384,vila velha,-20.3297,-40.2925,78.75,86,100,10.36,BR,1682869153
385,yamada,39.4667,141.95,49.53,75,97,7.7,JP,1682869154
386,prince george,53.9166,-122.753,49.44,66,0,2.3,CA,1682868923
387,charlottetown,46.2352,-63.1267,54.77,57,100,7.0,CA,1682869156
388,novaya igirma,57.1334,103.9112,24.85,94,86,4.29,RU,1682869157
389,kindia,10.0569,-12.8658,100.54,17,10,3.36,GN,1682869158
390,revda,56.801,59.9303,45.59,61,100,9.84,RU,1682869160
391,beau vallon,-20.4189,57.6953,79.03,83,75,0.0,MU,1682869161
392,nuuk,64.1835,-51.7216,32.61,86,20,18.41,GL,1682869162
393,biltine,14.5333,20.9167,99.41,8,14,9.4,TD,1682869163
394,yigo village,13.5361,144.8886,79.92,82,75,12.66,GU,1682869164
395,berrahal,36.8353,7.4533,74.93,68,7,17.11,DZ,1682869165
396,shangrao,28.4532,117.9686,59.29,75,50,0.92,CN,1682869167
397,elverum,60.8819,11.5623,41.31,86,5,4.68,NO,1682868887
398,labytnangi,66.6572,66.4183,18.61,92,5,3.76,RU,1682869169
399,fort bragg,35.139,-79.006,71.82,96,100,4.61,US,1682868961
400,pionerskiy,54.9508,20.2275,47.75,65,1,13.8,RU,1682869171
401,waat,51.1454,6.4958,66.88,51,0,8.05,DE,1682869173
402,zouerate,22.7187,-12.4521,103.57,7,0,12.12,MR,1682869174
403,masallatah,32.6167,14.0,81.41,36,99,9.4,LY,1682869175
404,sofo-birnin-gwari,11.0154,6.7804,92.59,23,78,2.57,NG,1682869176
405,hausjarvi,60.7833,24.9333,42.13,85,100,11.14,FI,1682869177
406,khash,28.2211,61.2158,64.42,55,64,7.76,IR,1682869178
407,chichiriviche,10.9333,-68.2772,83.73,77,78,11.5,VE,1682869179
408,vinton,37.281,-79.897,63.97,90,100,5.75,US,1682869181
409,laojunmiao,39.8333,97.7333,55.38,15,100,10.67,CN,1682869182
410,melfi,40.9965,15.6514,58.5,92,100,3.02,IT,1682869183
411,levuka,50.1834,-105.4011,42.62,52,21,5.28,CA,1682869184
412,ankazoabo,-22.2833,44.5167,71.51,53,0,6.93,MG,1682869185
413,urumqi,43.801,87.6005,65.35,37,75,2.24,CN,1682869187
414,tvoroyri,61.5556,-6.8111,36.77,74,100,19.57,FO,1682869190
415,san ignacio,17.1561,-89.0714,80.74,74,100,6.91,BZ,1682869191
416,aqaba,29.5267,35.0078,80.46,18,0,16.11,JO,1682869192
417,kapa'a,22.0752,-159.319,73.72,80,100,12.66,US,1682869193
418,chernushka,56.5072,56.0766,56.98,81,86,7.96,RU,1682869194
419,san luis de la loma,17.2706,-100.8939,84.79,53,9,5.14,MX,1682869196
420,ambovombe,-25.1667,46.0833,71.98,86,91,9.75,MG,1682869197
421,constitucion,-35.3333,-72.4167,59.25,65,16,3.56,CL,1682869198
422,baracoa,20.3467,-74.4958,86.83,59,100,4.27,CU,1682869199
423,camocim,-2.9022,-40.8411,83.64,77,86,7.9,BR,1682868924
424,lucas,41.6501,-83.6666,51.76,69,75,13.8,US,1682869201
425,saint-joseph,-21.3667,55.6167,77.38,83,33,8.81,RE,1682869203
426,syumsi,57.1111,51.6149,51.53,65,95,8.12,RU,1682869204
427,imbituba,-28.24,-48.6703,77.86,59,0,14.76,BR,1682868929
428,tromso,69.6496,18.957,45.37,52,20,19.57,NO,1682869207
429,oakham,52.6667,-0.7333,60.42,63,75,12.66,GB,1682869208
430,singkil,-7.9855,111.4161,76.23,94,58,3.04,ID,1682869210
431,fernie,49.5,-115.0687,50.09,66,17,1.12,CA,1682869211
432,cole harbour,44.6724,-63.4751,52.18,69,99,13.8,CA,1682869212
433,minsk mazowiecki,52.1794,21.5725,59.4,54,4,11.79,PL,1682869213
434,brigantine,39.4101,-74.3646,57.04,98,100,12.66,US,1682869049
435,kavaratti,10.5669,72.642,84.02,73,99,4.83,IN,1682869215
436,harstad,68.799,16.5293,42.19,97,91,18.99,NO,1682869217
437,tobol,52.6844,62.5794,59.04,34,38,10.22,KZ,1682869218
438,chato,-2.6378,31.7669,68.0,89,100,5.35,TZ,1682869219
439,vernon,50.2581,-119.2691,66.11,44,54,3.44,CA,1682869067
440,roma,43.2128,-75.4557,55.72,94,100,11.5,US,1682869221
441,tommot,58.9564,126.2925,26.31,97,82,2.68,RU,1682869222
442,vanimo,-2.6741,141.3028,78.87,88,90,3.6,PG,1682869224
443,santa cruz,-17.8,-63.1667,86.05,66,40,25.32,BO,1682869225
444,oxapampa,-10.5775,-75.4017,74.71,54,38,5.35,PE,1682869226
445,usogorsk,63.4106,48.6872,33.3,97,94,3.83,RU,1682869227
446,lincoln city,44.9582,-124.0179,52.7,96,100,5.01,US,1682869228
447,bubaque,11.2833,-15.8333,77.04,79,7,10.63,GW,1682869230
448,villa gesell,-37.2639,-56.973,68.56,82,99,17.0,AR,1682869231
449,kapenguria,1.2511,35.0895,57.54,96,100,2.17,KE,1682869232
450,singleton,-32.5667,151.1833,55.98,76,44,1.99,AU,1682869233
451,takanabe,32.1333,131.5,58.89,87,100,5.55,JP,1682869234
452,swift current,50.2834,-107.8014,50.81,37,0,13.8,CA,1682869235
453,lautoka,-17.6167,177.4667,73.26,94,20,0.0,FJ,1682869236
454,arkhangel'sk,64.5401,40.5433,50.11,53,40,11.18,RU,1682869238
455,khuzdar,27.7384,66.6434,70.21,45,9,4.16,PK,1682869239
456,toba,34.4833,136.85,59.0,54,92,15.12,JP,1682869240
457,guerrero negro,27.9769,-114.0611,61.84,75,99,13.27,MX,1682869241
458,sitka,57.0531,-135.33,48.09,87,100,3.44,US,1682869242
459,vryburg,-26.9566,24.7284,73.94,19,0,8.9,ZA,1682869243
460,puerto baquerizo moreno,-0.9,-89.6,83.39,84,20,4.61,EC,1682869245
461,pisco,-13.7,-76.2167,73.45,73,100,8.05,PE,1682869246
462,sisimiut,66.9395,-53.6735,32.97,83,25,13.11,GL,1682869248
463,hailar,49.2,119.7,40.64,34,11,8.84,CN,1682869250
464,igarka,67.4667,86.5833,22.64,83,7,20.58,RU,1682869251
465,ogden,41.223,-111.9738,71.29,33,0,19.57,US,1682869252
466,roseburg north,43.2645,-123.3033,50.56,72,100,0.0,US,1682869254
467,medina,24.4686,39.6142,90.03,7,0,13.8,SA,1682869255
468,broken hill,-31.95,141.4333,53.24,53,13,3.4,AU,1682869256
469,waimea,20.0231,-155.6717,60.53,94,15,7.87,US,1682869258
470,hami,42.8,93.45,70.84,13,100,8.28,CN,1682869259
471,camana,-16.6228,-72.7111,72.66,73,29,12.01,PE,1682869261
472,marsa alam,25.0757,34.8918,73.51,51,0,9.51,EG,1682869262
473,thunder bay,48.4001,-89.3168,39.18,70,100,17.27,CA,1682868976
474,coahuayana de hidalgo,18.7,-103.6583,84.54,32,1,3.71,MX,1682869265
475,alaghsas,17.0187,8.0168,105.69,12,20,6.91,NE,1682869266
476,sidi khaled,34.387,4.9879,90.23,18,46,22.01,DZ,1682869268
477,ban selaphum,16.0167,103.95,82.06,61,37,8.3,TH,1682869270
478,markala,13.7021,-6.0659,103.35,13,11,3.78,ML,1682869199
479,chandauli,25.2667,83.2667,73.45,64,100,4.88,IN,1682869272
480,kolonia town,6.964,158.206,83.17,81,97,18.5,FM,1682869273
481,san jeronimito,17.55,-101.3333,83.7,56,11,3.96,MX,1682869274
482,alliston,44.1501,-79.8663,53.22,87,100,9.22,CA,1682869276
483,wenchang,30.904,118.4887,58.3,67,0,5.1,CN,1682869278
484,pandan,14.0453,124.1694,80.13,88,50,5.66,PH,1682869279
485,flin flon,54.7682,-101.865,40.84,70,20,4.61,CA,1682869280
486,marabba,12.35,32.1833,98.44,12,93,6.58,SD,1682869281
487,potosi,-19.5836,-65.7531,60.49,12,0,5.48,BO,1682869282
488,new plymouth,-39.0667,174.0833,61.32,70,91,14.79,NZ,1682869284
489,amungan,15.3652,119.9582,78.3,77,100,4.76,PH,1682869285
490,adrar,20.5022,-10.0711,105.24,4,0,8.52,MR,1682869286
491,peniche,39.3558,-9.3811,71.08,76,7,17.85,PT,1682869287
492,belyy yar,53.6039,91.3903,40.89,45,0,8.95,RU,1682869288
493,fort william,56.8165,-5.1121,55.31,87,100,3.51,GB,1682869290
494,egilsstadir,65.2653,-14.3948,39.11,45,40,19.57,IS,1682869291
495,pullman,46.7313,-117.1796,69.71,42,0,15.01,US,1682869292
496,laguna,38.421,-121.4238,63.95,72,0,9.22,US,1682869293
497,okhotsk,59.3833,143.3,24.96,91,100,5.57,RU,1682869294
498,kemijarvi,66.7131,27.4306,33.22,99,100,8.99,FI,1682869295
499,lashio,22.9333,97.75,70.5,59,1,2.71,MM,1682869297
500,touros,-5.1989,-35.4608,83.1,77,48,11.59,BR,1682869298
501,jurm,36.8648,70.8342,63.3,41,27,1.81,AF,1682869299
502,praia da vitoria,38.7333,-27.0667,71.85,56,20,17.4,PT,1682869300
503,bamboo flat,11.7,92.7167,84.11,68,95,4.99,IN,1682869301
504,contai,21.7786,87.7536,86.36,53,97,9.91,IN,1682869302
505,murashi,59.3999,48.9615,45.25,68,100,4.25,RU,1682869303
506,zemio,5.0314,25.1361,69.24,97,100,2.15,CF,1682869305
507,qalat,32.1058,66.9083,64.08,45,64,5.5,AF,1682869306
508,urucui,-7.2294,-44.5561,88.3,56,79,3.51,BR,1682869307
509,bandar-e anzali,37.4727,49.4622,68.11,89,47,4.94,IR,1682869308
510,san rafael del yuma,18.4299,-68.6739,84.4,54,58,11.16,DO,1682869309
511,baikonur,45.6167,63.3167,75.6,20,0,12.48,KZ,1682869310
512,karkira,36.9292,6.5856,69.3,74,20,14.14,DZ,1682869311
513,okhansk,57.7186,55.3877,48.27,83,100,9.48,RU,1682869313
514,daru,-9.0763,143.2092,79.03,88,98,11.97,PG,1682869314
515,seguela,7.9611,-6.6731,88.18,47,81,3.83,CI,1682869315
516,krasnyye baki,57.131,45.1599,49.46,65,100,12.03,RU,1682869316
517,nelson bay,-32.7167,152.15,61.0,73,78,10.0,AU,1682869317
518,chimoio,-19.1164,33.4833,75.06,69,75,1.83,MZ,1682869318
519,lata,40.1629,-8.3327,80.92,44,82,13.0,PT,1682869319
520,bei'an,24.5399,109.533,63.25,63,18,3.11,CN,1682869322
521,chibougamau,49.9168,-74.3659,42.42,87,100,13.8,CA,1682869323
522,saint-pierre,-21.3393,55.4781,78.48,73,0,11.5,RE,1682869324
523,praia,14.9215,-23.5087,91.94,29,20,19.57,CV,1682869325
524,santa rita,-7.1139,-34.9781,86.67,74,75,12.66,BR,1682869302
525,coquimbo,-29.9533,-71.3436,67.73,77,20,10.36,CL,1682869108
526,sebring,27.4956,-81.4409,78.89,60,100,18.41,US,1682868993
527,gagra,43.3283,40.2239,52.72,85,68,9.46,GE,1682869330
528,okeechobee,27.2439,-80.8298,75.22,74,100,18.41,US,1682869032
529,kandi,11.1342,2.9386,101.48,19,28,4.18,BJ,1682869332
530,hilo,19.7297,-155.09,69.28,95,100,8.05,US,1682869333
531,christchurch,-43.5333,172.6333,53.91,91,100,2.3,NZ,1682869206
532,ternate,0.8,127.4,81.64,76,65,1.59,ID,1682869336
533,obo,5.3998,26.4869,69.75,94,96,0.89,CF,1682869337
534,tutoia,-2.7619,-42.2744,83.34,78,95,10.63,BR,1682869339
535,tilcara,-23.5776,-65.3509,68.67,13,5,2.82,AR,1682869341
536,hirara,24.8,125.2833,71.87,94,100,17.27,JP,1682869342
537,bac lieu,9.285,105.7244,83.64,76,52,14.65,VN,1682869344
538,vikulovo,56.8167,70.6107,38.8,56,100,6.08,RU,1682869345
539,talara,-4.5772,-81.2719,84.96,70,0,8.05,PE,1682869346
540,nouadhibou,20.931,-17.0347,76.98,61,0,18.41,MR,1682869347
541,chernyshevskiy,63.0128,112.4714,14.0,97,44,2.37,RU,1682869348
542,staritsa,56.5075,34.9354,47.43,67,100,9.95,RU,1682869349
543,samraong,12.4526,105.5873,79.07,77,95,2.77,KH,1682869351
544,kertih,4.5141,103.4483,78.82,94,62,0.0,MY,1682869352
545,balashov,51.5502,43.1667,59.36,89,100,15.03,RU,1682869353
546,brokopondo,4.75,-55.1667,84.99,61,69,1.81,SR,1682869354
547,idri,27.5,13.2667,94.5,10,2,6.91,LY,1682869356
548,chom bueng,13.62,99.5917,82.0,70,59,2.62,TH,1682869357
549,berdigestyakh,62.0989,126.6992,30.02,94,49,8.43,RU,1682869358
550,kununurra,-15.7667,128.7333,71.58,83,68,0.0,AU,1682869360
551,novodvinsk,64.4165,40.8122,49.75,95,54,10.09,RU,1682869361
552,neyriz,29.1988,54.3278,72.95,18,5,5.48,IR,1682869362
553,gaiman,-43.2897,-65.4929,57.31,32,40,14.79,AR,1682869363
554,olavarria,-36.8927,-60.3225,56.37,88,100,21.25,AR,1682869364
555,makhambet,47.6667,51.5833,83.86,20,31,20.29,KZ,1682869365
556,carmo do rio claro,-20.9719,-46.1189,77.81,57,24,3.58,BR,1682869366
557,kijang,35.2442,129.2139,55.13,55,0,11.1,KR,1682869368
558,jaguey grande,22.5269,-81.1286,86.67,58,99,15.21,CU,1682869369
559,castillos,-34.1667,-53.8333,80.44,46,31,12.86,UY,1682869370
560,salalah,17.0151,54.0924,86.09,79,40,9.22,OM,1682869371
561,mana,5.6592,-53.7767,85.03,67,58,10.76,GF,1682869372
562,solnechnyy,50.7214,136.6319,30.07,74,99,7.61,RU,1682869373
563,kargat,55.1956,80.2811,32.92,63,91,10.2,RU,1682869375
564,la'ie,21.6477,-157.9253,73.11,79,3,15.08,US,1682869376
565,itoman,26.1247,127.6694,71.62,83,100,11.5,JP,1682869311
566,parabel',58.6978,81.4825,30.56,91,100,14.67,RU,1682869378
567,zhangye,38.9342,100.4517,60.44,15,76,13.65,CN,1682869379
568,siparia,10.1333,-61.5,90.82,61,83,12.95,TT,1682869380
569,chimbote,-9.0853,-78.5783,78.06,75,52,9.95,PE,1682869382
570,kavieng,-2.5744,150.7967,82.78,77,56,8.59,PG,1682869383
571,mogocha,53.7333,119.7667,36.34,65,16,3.2,RU,1682869384
572,neryungri,56.6709,124.6491,29.79,97,100,3.31,RU,1682869385
573,jagna,9.6531,124.3697,79.99,86,100,8.25,PH,1682869386
574,broome,42.2506,-75.833,54.46,88,100,12.66,US,1682869387
575,kone,-21.0595,164.8658,71.1,90,100,4.18,NC,1682869389
576,dzuunmod,48.2199,97.3744,43.47,50,77,9.01,MN,1682869390
577,essaouira,31.5125,-9.77,83.7,47,34,20.71,MA,1682869391
